x,y,z,w
0.33927836123391175,-0.16060736454803914,0.33927836123391175,7.221781972262397
0.6103521382168515,-1.3923148359682957,0.6103521382168515,5.191189287637596
-0.9208939355488595,3.850795466270652,-0.9208939355488595,8.48459753065279
0.010482211478984222,-1.93609067666437,0.010482211478984222,1.5480825245077774
-1.4432250922399252,2.7122686436262704,-1.4432250922399252,1.9874527822126968
-0.1714074849246598,-1.7456404338645508,-0.1714074849246598,12.459292489569034
0.4061796594702322,5.367240916677261,0.4061796594702322,2.0270525752264077
-0.5880476509432757,-0.7797841372878677,-0.5880476509432757,0.6523415398973158
-0.38835121455955096,2.523493296601725,-0.38835121455955096,11.756714406610492
-1.362286097864921,-4.627593063757077,-1.362286097864921,4.733191840946846
0.08342633097735173,-0.9752467044747464,0.08342633097735173,5.388124357497334
-0.3150147375321402,-4.429144670960902,-0.3150147375321402,7.45684689659269
0.2554415312710688,5.152597346012674,0.2554415312710688,8.318157074084365
1.5923942005459812,6.329564974495765,1.5923942005459812,1.4309701637029657
1.5044237245851713,0.3006866725176527,1.5044237245851713,3.9747826612409742
0.19239666196942176,0.18461102918379976,0.19239666196942176,6.262554474937636
-1.5741567734760988,-2.3481276271846663,-1.5741567734760988,0.7108118381697583
0.11044506268872853,-3.512964255421962,0.11044506268872853,2.2689641539141654
0.5895969854871536,-2.2819706022347557,1.5895969854871534,1.1509235234574204
-0.13817256647782644,4.783473956745216,-0.13817256647782644,4.481758748172619
-0.3987520023396473,-1.4189879634165063,-0.3987520023396473,2.5275019694402894
2.17940226567539,2.5461782313332924,2.17940226567539,10.838781936976227
0.5484035920189142,-5.4947594803002655,0.5484035920189142,1.4965372545317328
2.072801264668845,-1.1432035297749636,2.072801264668845,4.243328700794015
1.10364848888247,4.103130394420275,1.10364848888247,5.309301523167752
-0.29686900102722236,2.9251831367995806,-0.29686900102722236,4.820196211547756
-0.6323754619959473,-2.625484135962779,0.3676245380040527,0.9931882920779649
1.616579368854167,4.013536314696859,2.616579368854167,3.649503864750223
1.4060645694452276,-1.1056205242415649,1.4060645694452276,0.7558059877620054
-2.1684254006282284,-7.355508877819087,-2.1684254006282284,1.6235750647492657
-1.5705256912776988,2.803750066571082,-1.5705256912776988,5.001009157544723
0.8046923656155521,4.2441471970736595,0.8046923656155521,1.0151003590549077
0.9860227399917186,4.816685771942183,0.9860227399917186,1.9092439128514938
-2.64752456852652,-2.3928996966952076,-2.64752456852652,3.544816828856976
-0.3015107715770289,-0.5634902725555773,-0.3015107715770289,7.812930690890946
0.5410088751685729,9.570482949595633,0.5410088751685729,8.008358458600215
0.852393081159199,1.4278883748163809,0.852393081159199,5.563116545386889
0.14284087889464048,-2.9348913646056918,0.14284087889464048,1.195724897092877
-1.5266455068974771,-4.518060104445942,-1.5266455068974771,2.2426637240688914
-0.25650467526518367,0.9839407932096407,-0.25650467526518367,2.670983122453671
-0.6604619924127916,0.7387452130614335,-0.6604619924127916,4.199317661868271
-0.027971096592154496,2.262369586930038,-0.027971096592154496,8.662903073753276
1.314111955114512,5.560626891231779,1.314111955114512,0.43758929509288236
-0.2953816256838722,-2.4539609508529385,-0.2953816256838722,9.289340140074778
-1.8059508332209824,-1.4853017450408523,-1.8059508332209824,5.684824273771803
-1.1328929562266654,0.07070957338230088,-1.1328929562266654,2.7193162570066702
0.408639630800933,0.12670280050171623,0.408639630800933,8.921458014120175
0.4311286886623007,-1.129262448857109,0.4311286886623007,2.254195961049878
-0.7819885403823456,-0.04067857264934349,-0.7819885403823456,5.947200125067832
0.1983944602634902,3.7096993216485994,0.1983944602634902,2.644628747107697
-0.19828132088472117,3.8164639385805614,-0.19828132088472117,5.661285194325362
1.7505560292951805,2.2917593487910333,1.7505560292951805,6.307478875278578
0.9493022392329887,-0.23733338799074144,0.9493022392329887,7.160549120528749
0.5182843460594291,5.746525264280889,0.5182843460594291,4.143175397749221
-1.0524931504887756,-5.108118066253496,-1.0524931504887756,2.897079754734862
-2.0202848808555958,-0.34915504536556874,-2.0202848808555958,5.745073904608616
1.1089805733697784,-3.9931030440510167,1.1089805733697784,2.264533551806513
0.1731755243140208,-5.478036603936563,0.1731755243140208,4.0842886474160505
0.3157384566262524,0.3806088830214998,0.3157384566262524,3.815294190748838
0.10419928104489612,2.304977616444826,0.10419928104489612,0.6021103455511524
0.0692919438155714,0.15781486755502894,0.0692919438155714,7.963218602580349
-0.2646311615385497,0.5067971322828234,-0.2646311615385497,4.176948245164016
0.5725404929181765,4.12626034625343,0.5725404929181765,4.692596142969979
-1.1315397768648567,-1.225482563062194,-1.1315397768648567,4.094337103003793
1.6563856809615087,4.468484473390701,1.6563856809615087,3.3678633210607796
1.0562161723090728,-1.8336137891681026,1.0562161723090728,8.969971822269684
-0.3996482832919596,-0.9243952573080279,-0.3996482832919596,3.187021890848921
0.828203831201795,1.371283901959787,0.828203831201795,3.225257598558706
-0.5764702315899862,1.3837917545729632,-0.5764702315899862,15.493043782589252
-0.17935978307005618,-1.0919303606431021,-0.17935978307005618,5.47453126119338
1.3574778750777874,0.7745908334409299,1.3574778750777874,11.897376167960527
-0.5076004728369774,-0.16064591532060385,-0.5076004728369774,0.8242564170212148
0.7235486960339268,-1.7326728492317363,0.7235486960339268,3.139108641022251
0.9225487777319041,0.3715026773804324,0.9225487777319041,1.5188028044027124
-0.05172761289512137,-1.3273995745709746,-0.05172761289512137,0.4549452953661738
1.121234989295792,-5.353475282849112,1.121234989295792,1.4234453074822122
0.4294075559021453,0.9633594507025596,0.4294075559021453,4.296189650820811
0.37659705888567785,1.1205133708286779,0.37659705888567785,8.952192706112259
0.14676921530048567,4.492540613816558,0.14676921530048567,1.345046449451571
-0.009109068210478676,4.9296284388288285,-0.009109068210478676,2.338393534187003
0.058299284691442854,1.495884150095958,0.058299284691442854,0.6409529087051548
-1.3530191198105652,1.3582485766518508,-1.3530191198105652,4.694645214482823
-1.6547404361436,-5.8066894523600725,-1.6547404361436,3.072766433674148
-0.5077574199519872,-1.2625620566543576,-0.5077574199519872,2.399897570094706
0.31292174337081596,-1.8449615668195436,0.31292174337081596,3.639961212884254
0.1506938872578259,4.484334164645113,1.1506938872578258,3.589137526805128
-0.5318123142336394,1.8584806608464146,-0.5318123142336394,4.065256843592494
0.6171996279575335,-3.517930190016221,0.6171996279575335,7.845037596063602
-1.8588446942846386,-3.577357251996586,-1.8588446942846386,2.9182869534706293
-0.643655008838035,1.7362440242086628,-0.643655008838035,1.2501255559507627
-0.43616388399138667,-3.664374432880628,-0.43616388399138667,1.487245534101974
-0.06779404291356633,-0.6818901821172825,-0.06779404291356633,1.860854590993106
-0.2892348509786475,2.5181117043907055,-0.2892348509786475,3.3946662620971475
1.7561102898653556,4.6210642779370525,1.7561102898653556,0.9827803304459976
0.6472097574398383,-1.1680722413206146,0.6472097574398383,4.952442090208148
-0.4833687561392249,-2.79461005297257,-0.4833687561392249,1.572539257568238
-0.6707860560347354,-0.39503571664820014,-0.6707860560347354,2.632887700221633
-0.4143904153236933,-0.9783283127927809,-0.4143904153236933,3.8785186468661768
0.4732822280099381,-2.4472323636545963,0.4732822280099381,3.645525389751534
1.6362847495867918,-0.5595662474697194,1.6362847495867918,2.2064175705422904
-0.14738365281025556,-2.1878261083660187,-0.14738365281025556,17.342250958059314
-0.6509435723823876,2.3017258582920874,-0.6509435723823876,3.3454712158099884
-1.2071502979420745,-1.330506492751787,-0.2071502979420745,3.472539006759936
1.7729766405192988,3.8806541635241865,1.7729766405192988,0.4962725021579944
0.3635303893995152,3.9079272744438835,0.3635303893995152,9.943369782851654
-1.463846178218351,1.5332742942135011,-1.463846178218351,1.1733769805369112
0.0577657572519959,3.585347712781264,0.0577657572519959,12.874818804376634
0.5112496418021881,-0.6369547502583031,0.5112496418021881,5.671092733670986
-1.34359062724165,-3.6150617337621673,-1.34359062724165,3.9023554543477474
-1.1302623206963498,0.007425126155253814,-1.1302623206963498,3.2618965158820745
0.7292391397742046,2.6729217502316143,0.7292391397742046,8.885348803576298
0.1321721354021488,-3.2960578952889352,0.1321721354021488,3.148231369587064
-0.349289171794691,1.9151756052308042,-0.349289171794691,0.5683569216607569
-0.42887183868438133,-5.83662795580145,-0.42887183868438133,2.4666824590038616
1.121113421252208,0.4646793508207805,1.121113421252208,1.3798104969212297
0.12189314512396451,-2.8042217851174756,0.12189314512396451,1.6945514719228094
0.7935389058708332,3.2037671483536183,0.7935389058708332,1.7218811902549112
-0.06334898028985883,1.6155879561819628,-0.06334898028985883,2.9068368621512044
1.4401208124265328,-0.45498948497757286,1.4401208124265328,5.711584543696152
-1.4456192062438054,1.9135589401105935,-1.4456192062438054,3.8400338097018856
0.8571811083130491,2.103261126455658,1.857181108313049,5.93008052080332
-0.7621405444051804,2.531881403866936,-0.7621405444051804,3.0218314326154276
0.19859502500508455,3.5339170775481135,0.19859502500508455,4.196703533459632
1.5417903244088114,1.21379864989958,1.5417903244088114,5.537623366043396
0.5826473619918132,-3.516548929136696,0.5826473619918132,0.2564544157500666
-0.635816432467597,0.3105160544014912,-0.635816432467597,8.391299386414495
-1.2891507578947048,-1.7189735863907276,-1.2891507578947048,7.553065086804556
1.1176092385381966,-1.9446980782651817,1.1176092385381966,1.817608884064411
-1.526493168319497,-2.714224924920761,-1.526493168319497,1.1166643076684013
0.5722841359612593,8.28053765599687,1.5722841359612594,2.8919090292214977
0.8719681623986048,2.1355543607191088,0.8719681623986048,2.3958754037206726
-1.233788943016737,-7.563900875336888,-1.233788943016737,2.540777545961265
-0.21507139619649107,2.5985649784930005,-0.21507139619649107,0.9943141166983892
-1.1990943176963422,1.599816195776849,-1.1990943176963422,8.045104109070175
-0.5600368472163404,1.6434289930087136,0.4399631527836596,10.16885669270032
-1.2717058086234418,-0.9926742683950708,-1.2717058086234418,2.9091215586278647
2.0915275680042655,7.0988848598714505,2.0915275680042655,3.011157592014481
-0.23863557299630322,-2.783610327463211,-0.23863557299630322,2.47816538480819
-0.045706761798440534,-3.8142497387419,-0.045706761798440534,4.225288240281336
0.2604120183760846,2.23123812655808,0.2604120183760846,5.419547945612172
-0.036197188221672595,-3.8385840564204017,-0.036197188221672595,3.024545561961811
-0.05364734197263573,3.1293162960380925,-0.05364734197263573,1.436351455476957
1.3002598307579738,-2.3021447598606475,1.3002598307579738,6.350954746540518
-0.06998763271792637,0.5367120093362806,-0.06998763271792637,7.7460823283378835
0.292565395435629,-3.964111272115896,0.292565395435629,4.309165313785202
1.7843659294495657,-0.6466259586383896,1.7843659294495657,8.50786550003331
0.8232960893021455,-1.0055165518162896,0.8232960893021455,3.1021673880026297
-1.2735937319113324,2.1837319884631476,-1.2735937319113324,1.6083554020276887
-0.8477261398831033,1.8873020807602685,-0.8477261398831033,3.3308917028687013
0.29610263727635633,3.462474859743796,1.2961026372763564,9.417194653889192
-0.31393920619201476,-6.335039681266857,-0.31393920619201476,2.979089890454301
-0.11563957025104717,0.46584251136879734,-0.11563957025104717,2.1655842493925483
0.6500851435385112,2.198888050534863,1.650085143538511,5.173935087248528
1.5859920048833185,-4.059260824441616,2.5859920048833187,2.510448713496104
-1.2979764021777775,-4.238711627260228,-1.2979764021777775,3.289198189147403
1.232470208023762,0.22983827346891905,1.232470208023762,3.814342801765709
-0.022549377991653085,2.3917116252545694,-0.022549377991653085,2.3086179365629897
-0.21180592214821037,-5.62110286987806,-0.21180592214821037,0.9656195673577835
-0.12417924197149846,3.866773201919283,0.8758207580285016,4.827779681260766
-0.7570521654269504,-1.3206697751519418,-0.7570521654269504,2.068784435414756
0.4186517416250298,0.8436860013783803,0.4186517416250298,4.166962056059351
0.9797511753483803,1.327179480777269,0.9797511753483803,7.4395800817224735
-1.1650046671253844,-4.721482245841097,-1.1650046671253844,5.367893558184272
-0.4982374204117113,-2.38246475560766,-0.4982374204117113,2.702215008823039
1.3553239079099872,3.641547026923112,1.3553239079099872,4.328048745253618
-0.04916121398540549,-4.396797916498835,0.9508387860145945,2.9421689583840362
-0.11738290323654689,1.9808002388864479,-0.11738290323654689,5.105505531949561
0.7595089648749292,-0.007937293412154767,0.7595089648749292,3.243295351942413
0.014197911001102615,1.3479724470531944,0.014197911001102615,1.631252373695672
-0.6314303271632943,4.065712603371188,0.3685696728367057,3.0360718614570215
-1.2373316728191766,-3.3855357396372563,-1.2373316728191766,8.355150711817654
1.78753794221381,2.1619030290361008,1.78753794221381,0.5067177068747437
-0.25328067343240435,-3.1219652556459727,-0.25328067343240435,5.5389642318386345
1.0915885017042448,1.6046230329300641,1.0915885017042448,2.3658686759405287
0.7509353640282409,4.144805758293106,0.7509353640282409,1.2956537001040378
-0.8038809900213002,-3.8675979724388663,-0.8038809900213002,3.425351016531318
1.3001890455381113,-0.01031144441844245,2.3001890455381115,3.841908697914763
-0.6692039549085089,4.325158355692513,-0.6692039549085089,4.230632167966918
0.3890183800399938,0.432973974538488,0.3890183800399938,1.172327121439645
1.2512053315895688,1.6172183811906264,1.2512053315895688,2.780705419600091
-0.9569861194493913,-4.2691889049604335,-0.9569861194493913,7.462216697178379
-2.65700065955422,-2.7928637862097982,-2.65700065955422,2.0723583066459192
-0.3467925462720027,-2.879332398197246,-0.3467925462720027,6.2544515264035105
-1.098188377809682,-0.6424022533693432,-1.098188377809682,6.2613983910431905
0.21376092227322718,2.2340608402717246,0.21376092227322718,5.073861255144569
0.11783727712256588,0.14695312230558796,0.11783727712256588,3.592353648850307
-2.6520052434649983,-7.088709429174058,-2.6520052434649983,2.064655254272783
-0.06877149564373054,-2.516092659511127,-0.06877149564373054,3.726403901147378
0.5475711785467833,-1.17938281094735,0.5475711785467833,5.2947594535517295
0.11280602218475809,1.8000597890393986,0.11280602218475809,5.374086707500105
0.0035019786941301615,1.2755575717733147,0.0035019786941301615,1.1716061028925118
-1.0019086793717418,-0.779831425399617,-1.0019086793717418,9.053708698822959
1.8167000878248163,1.037357803900628,2.8167000878248163,3.144749910700269
0.9767556977531354,3.2400446398419978,0.9767556977531354,7.37497879536398
0.1430903525065002,-4.055788832149281,0.1430903525065002,1.1486333992438522
1.2605370713871085,2.683521087483689,1.2605370713871085,2.0895353788722293
0.7262770786804722,6.371890692840394,0.7262770786804722,0.28588838436839065
-0.06736525122173194,2.73080983993939,-0.06736525122173194,1.367217124103993
-0.7382074129635183,2.2492448446137727,-0.7382074129635183,7.4068423590626455
2.031228031803111,2.3525448162386273,2.031228031803111,5.041037568421926
0.5435151507756962,2.5794560360524557,0.5435151507756962,4.23723826325617
-0.5614744842324281,-6.856151141097389,-0.5614744842324281,2.682687475454138
0.34966690422039937,-1.9930506026531662,0.34966690422039937,13.02437249521936
0.4605849575729927,-3.037600937002787,0.4605849575729927,2.512505695554043
-0.6307183373803562,6.315620738038467,-0.6307183373803562,8.737369311692717
0.46500784385417904,-0.14479375370113268,0.46500784385417904,0.798067253705868
0.8625154991740733,-1.001543344081555,0.8625154991740733,10.307993124889308
-0.1540328036085626,1.0667781581392075,-0.1540328036085626,6.495744228509003
-0.23132670542745304,-4.179147656152349,-0.23132670542745304,1.2509377227001859
-0.5695671659132959,-1.0414651229188037,-0.5695671659132959,2.644231316667311
0.5285068731056712,1.1662859004429489,0.5285068731056712,6.572081280316452
0.6920115026704325,-0.7834284434618966,0.6920115026704325,12.593124745912927
-0.17846487697760133,-2.407376490783674,-0.17846487697760133,7.2774715612267
-1.0976937852938122,-0.5056124714659487,-1.0976937852938122,5.001097461735498
0.09790860069500326,3.0375322631362076,0.09790860069500326,8.073768669660682
0.45486041110618863,0.648142327204461,0.45486041110618863,4.727320054753025
0.720302433745686,-4.163990721018004,0.720302433745686,2.2726680304934663
-1.5484831621575688,0.037220980617395316,-1.5484831621575688,3.6808551412579233
0.19347387357230525,-2.1387870956743016,0.19347387357230525,9.77650339445628
1.7189409469824626,-2.051017991517294,1.7189409469824626,1.8507564877560856
-0.8739997866616306,-2.084498506096979,-0.8739997866616306,2.1854001585087732
-0.4880929387023104,-4.411633119559056,-0.4880929387023104,2.377025425226881
0.8737497023977182,-1.0130447306630246,0.8737497023977182,3.7517010882180513
-1.4515701369698075,-4.736523340424617,-1.4515701369698075,2.7910515915840772
-1.503323695149465,-2.001303835804839,-1.503323695149465,2.2626455630640607
-1.1351482466354057,1.4592702663683894,-1.1351482466354057,4.185961999089447
0.3639859082077815,0.7879211163395377,0.3639859082077815,2.93245148418835
-0.4438950987708499,1.7521838345781695,-0.4438950987708499,7.195796217321126
1.9414394214989317,-1.7691379745423812,2.9414394214989317,6.669369457156131
-1.9271415266159373,1.7995215895224126,-1.9271415266159373,3.0640984326388745
-1.9450682665174566,2.300812290448238,-1.9450682665174566,2.076162078650058
-0.46545358220952343,-3.7020271682442556,-0.46545358220952343,1.6532269467500151
-0.9468270718104307,0.9582871808959158,-0.9468270718104307,2.82771722455389
-0.8329141961536173,-2.5934479769414382,-0.8329141961536173,1.9723446143932148
-0.5086057212179799,-2.1580374340499073,-0.5086057212179799,6.932674614627103
-0.23141836935601023,-0.6029190061321589,-0.23141836935601023,1.0264973937087616
0.7926127870610867,3.8579105930272863,0.7926127870610867,2.2080224564714457
0.2503801459103191,0.27985683051710325,0.2503801459103191,0.7511420605741671
-0.032518669339361046,0.9872439593011726,-0.032518669339361046,2.512041594052025
0.40939683368341134,-1.782886929014003,0.40939683368341134,8.572277097147516
-0.6643561614293964,-1.1090843676139217,-0.6643561614293964,5.912237793996618
-0.38988830963833304,-0.6232044767006125,-0.38988830963833304,1.7926440451177177
-1.1545797664784676,-5.7941391801090845,-1.1545797664784676,7.1381906034630855
-1.3146553591867005,-2.730023602180758,-0.3146553591867005,2.2170360202915886
-0.9393486318823154,3.4266829672540524,0.06065136811768457,3.7136899812977537
0.6307593350492645,-3.005247238419003,0.6307593350492645,2.7100743391514928
-0.6478527152469533,-3.122302966274872,-0.6478527152469533,3.9754174782568783
0.35650949809425736,4.09899413477652,0.35650949809425736,3.0766522887659313
0.9640699974087407,2.2167382126370745,0.9640699974087407,2.51103713510146
0.7629706563689979,3.2439426579882333,0.7629706563689979,1.8052851436743833
0.495100131825832,2.721621178584561,0.495100131825832,8.961070606376538
-0.42442766282990324,1.6099357235541405,-0.42442766282990324,5.348776622037647
-0.923423083559938,-5.22916553824393,-0.923423083559938,5.307302761524004
1.866949972337025,6.289190623953171,1.866949972337025,0.738471446728698
-1.0417934451187816,-1.2860258609795276,-1.0417934451187816,7.88871556701465
0.18396675599086298,0.3772294963609377,1.183966755990863,4.693819332124772
0.24950856536927282,4.1294694767019235,0.24950856536927282,3.3355329791137667
0.7800082262416467,-4.80947709499634,0.7800082262416467,9.820857366794195
-0.9349458321239978,-10.90503383307938,-0.9349458321239978,3.8060179285382856
-1.4753483617461414,-4.605574154480129,-0.47534836174614137,3.7381939284078745
-1.4187297230101887,-4.532935515787556,-1.4187297230101887,4.870301975779614
-0.03642828543929679,-4.053824855712884,-0.03642828543929679,5.886507172815611
-0.4578199413952029,-1.5633398121321822,-0.4578199413952029,1.1329238231937802
1.8016392022709213,3.3854750268362657,1.8016392022709213,7.37014937200205
-0.38104023573565876,-0.523075295849407,-0.38104023573565876,5.536920853277703
0.5965972904264353,2.3400984131282963,0.5965972904264353,1.4760744279573044
0.0037618124000774267,0.4092457209604763,0.0037618124000774267,10.774957545296472
-0.26789195426158713,-1.1859771730621538,-0.26789195426158713,5.157040089795445
0.09885585811298303,3.5261870218861295,0.09885585811298303,5.8657041651560755
-1.348433777758817,-4.667008627826536,-1.348433777758817,14.685909919317506
-1.2890234923401047,3.4168480597100457,-1.2890234923401047,5.392919842015206
-1.1488786868988619,3.025122654452712,-1.1488786868988619,2.3966464734430155
-0.14787565809269265,2.264679227449085,-0.14787565809269265,1.258568202116653
1.3485431958626708,-2.272020427618304,1.3485431958626708,2.75228778192328
0.03402483240012907,2.0857683823786957,0.03402483240012907,4.921191990480018
-0.35865622415440623,0.13029587525960018,-0.35865622415440623,5.355859328497955
-0.5118075579078315,-0.22732060345457783,-0.5118075579078315,5.627798546337725
-0.01806536645272035,-1.243708140217764,-0.01806536645272035,2.281884804029872
0.23931828400211871,2.8587367263390115,0.23931828400211871,0.7150504817010048
0.8898384162178603,4.932980697976702,0.8898384162178603,5.529383767032056
-0.8431463300153443,-1.1055773811621086,-0.8431463300153443,7.737280040979108
-1.0189287165474665,1.3039760648322423,-1.0189287165474665,5.666894125317329
0.7972836295699551,-4.340352493209799,0.7972836295699551,4.764634189095667
0.1193915906042758,3.4503705560787425,0.1193915906042758,0.949399327242899
-0.8403942876483829,-4.997674859251244,-0.8403942876483829,3.10922114389736
0.5038063956652425,0.7794991654034157,0.5038063956652425,0.43591982264604423
0.43721270584028077,-0.11028076111551915,0.43721270584028077,3.2177475430025773
0.6714496682484248,1.2981454475160898,0.6714496682484248,6.87262623055207
-0.4902059509183764,-1.6167490203997334,-0.4902059509183764,1.611339193045453
1.5925853073399512,-2.516102966196306,1.5925853073399512,1.616467405504744
0.35761573498498267,-2.934378814868578,0.35761573498498267,3.1461339951331664
-1.1003715131324485,-0.6189294750557013,-1.1003715131324485,6.51551819582886
-0.29345579513623354,-0.3750616310556304,-0.29345579513623354,2.2230790928666075
-0.5861668732013513,-2.0180314057290687,-0.5861668732013513,7.080098560486791
-0.6723680489846706,-0.6943324984483873,-0.6723680489846706,6.0668337590232655
-2.688505613023597,-2.541267594036806,-1.688505613023597,1.878892336962782
-1.2187818497010976,-3.0201462955777645,-1.2187818497010976,1.209185588088065
-0.9824877814410151,-2.0691437454432284,-0.9824877814410151,3.7144128366572993
-0.4443669360603903,0.8208632364876951,-0.4443669360603903,1.6593839783457596
-0.789639269815935,-0.30580609498874367,-0.789639269815935,1.731592503161422
1.7088082356980667,-5.14810574966079,1.7088082356980667,4.408438948739335
-0.6508644539958364,2.119765408912681,-0.6508644539958364,4.284782019145417
-1.6006148607543011,2.243171235331575,-1.6006148607543011,0.937505133937727
2.252555799706694,0.8416186265207926,2.252555799706694,1.388113189168961
-1.1242147658776211,-4.608055775617526,-1.1242147658776211,3.9144777764838987
0.41527260242468345,-3.6118233584013524,0.41527260242468345,7.785519778200634
0.38774695198605696,-2.7415683425347646,0.38774695198605696,6.74282370096743
0.18683700310220663,-2.8409274664761615,0.18683700310220663,0.7651076739133543
0.7046651220034502,0.42018125210154983,0.7046651220034502,6.606247905576984
-0.12230834609504963,-0.8451273352043918,-0.12230834609504963,9.264958726594317
0.12860180715918668,0.4301479134856656,0.12860180715918668,3.3237326271913608
0.7511739871291326,1.7642824369162065,0.7511739871291326,4.2381013630526745
-0.1960393883107988,-3.516210382149844,-0.1960393883107988,3.828842110188422
0.3519439292372269,-0.3883529366805161,0.3519439292372269,2.37862326893105
0.3640255693938257,1.800861963478435,0.3640255693938257,2.0918342568365476
-0.35175832285854414,-0.42151239944773405,-0.35175832285854414,5.6963801409098815
-0.38622815941589067,-0.37183384705785133,-0.38622815941589067,7.880727724987948
-1.2259553449695795,-0.4907409263213083,-1.2259553449695795,1.530222919191421
-0.729806914310672,2.2157727249054937,-0.729806914310672,1.0836267917921891
0.5553911539743808,4.40991074773251,0.5553911539743808,6.917287061443915
2.1438881203950446,-0.4613605290319902,2.1438881203950446,3.788991699772639
2.450712907328379,3.455738438976626,2.450712907328379,2.356577577272691
-0.21968005242939312,-1.5281701976072886,-0.21968005242939312,8.017183181220531
0.7722604296763376,-2.927057606098362,0.7722604296763376,3.226039819218124
-0.735209684337389,2.928409819713499,-0.735209684337389,3.6391837074926903
1.625786062178396,-0.7374642855257232,1.625786062178396,4.64255180334052
0.7888378337434009,2.075981571763201,0.7888378337434009,1.110825344954671
-0.2768959682063462,-6.794820182133047,-0.2768959682063462,4.51137618044125
0.677059465462032,3.551288546871072,0.677059465462032,2.1274551347885073
-1.3542983417692493,-1.7988177360589774,-1.3542983417692493,7.141662927673348
-0.2910646125332615,-1.3792736786382989,0.7089353874667386,5.750268610731364
0.6781745283040026,3.702330856014167,0.6781745283040026,0.9731969903259035
-0.9523478644452977,8.485446666974045,-0.9523478644452977,17.326338639151658
-1.2054510292361893,1.1537052816626334,-1.2054510292361893,2.649414514841572
-0.4616574663444853,-2.448274923627324,-0.4616574663444853,5.973647955010607
-1.6852565155052701,-3.283023996692483,-1.6852565155052701,2.952974187013546
-1.076101883893837,-3.6153107545643675,-1.076101883893837,2.9178982535607316
0.1561649369610719,-2.408835948848202,2.156164936961072,10.221701515026643
0.29420602903122467,-1.348811336870261,0.29420602903122467,4.654898240639219
0.5158778738410924,-1.2385501062564677,0.5158778738410924,4.270719514719461
-0.6518911731314677,1.3780743874935282,0.3481088268685323,7.433783961250193
1.3818598178155983,-3.151244362635213,2.3818598178155983,3.47172856553673
-1.5526192290174317,-2.407674542266597,-1.5526192290174317,10.284710014787722
0.023556678443107007,-2.411425475315327,0.023556678443107007,0.6492197592091435
0.37137521097185194,0.5183310895125111,1.371375210971852,3.1701566158273216
-0.4501887675837256,-2.844734252217729,-0.4501887675837256,1.4820645681983358
-2.1096578968728554,-4.507555044425418,-2.1096578968728554,4.875524486855754
1.2000872998222298,1.3507126259549402,1.2000872998222298,4.3489325489854815
-0.23795195558151153,0.7394243988164108,-0.23795195558151153,3.1428519000824786
-0.9652640993742808,2.230492514679141,-0.9652640993742808,4.667061924278108
0.5661402290309852,1.932713214800347,1.5661402290309852,2.850332973324735
-0.77555513261949,-3.0499261116874514,-0.77555513261949,1.7793652538592528
-0.28418272304567066,-4.26126952646505,-0.28418272304567066,3.4761139304848365
-1.2778830633706026,-0.35724754536229697,-1.2778830633706026,1.682538280812657
2.252518743922718,-0.04835727283531677,2.252518743922718,1.6980848157269277
-1.1168700141865078,-1.9508560464954228,-1.1168700141865078,2.546532986793349
1.0661160955667346,0.603687828533033,1.0661160955667346,11.038737963408522
0.807179605355469,-3.016570765136636,0.807179605355469,1.6397758427407834
-1.1648127196300615,-2.569105160003917,-1.1648127196300615,1.2501772445557016
-0.3282803300776712,-2.389721084647605,-0.3282803300776712,2.2507522220580594
1.1013308826924086,1.651073549251957,1.1013308826924086,7.118811861140064
-1.2374553664322265,0.34922752135473334,-1.2374553664322265,1.184756134498294
0.08562013954273531,-1.0951971658306683,0.08562013954273531,1.7755561433299276
-0.18639231255062924,-3.1860270229101584,-0.18639231255062924,3.8513529149681642
-0.01691639613691978,-1.4978638900607675,-0.01691639613691978,3.0712152587417627
-0.7443993974166152,2.277233465853819,-0.7443993974166152,4.983013700473124
0.8744056328307184,-3.817114891784564,1.8744056328307184,10.801609301013977
0.18583294204587547,-1.2331269146264596,0.18583294204587547,0.9009581371374602
2.004819270488465,3.730462116045051,2.004819270488465,6.573272550661454
0.7429461031681027,0.8665500585893376,0.7429461031681027,8.991848976720933
1.7295286958405813,2.620730033449484,1.7295286958405813,1.5810411379151157
0.7453050185177648,-1.1049225983005069,0.7453050185177648,2.6049677641742917
1.3192166195576953,1.7279186379260196,1.3192166195576953,2.572429476798434
-0.5727178956912017,2.9094176660760804,-0.5727178956912017,0.9984890776103424
1.5153463188240106,6.598866002272122,1.5153463188240106,2.6049149500284114
1.35411086993898,8.719116177120503,1.35411086993898,4.740080377799229
-0.9985879387406996,-0.9539393503564274,-0.9985879387406996,5.462363019324167
0.7756448008468311,5.427955988216552,0.7756448008468311,1.5774761529892676
-0.28266091800809956,-0.6922055863064898,-0.28266091800809956,7.256631261121511
-0.10201618682538449,0.24479078535865528,-0.10201618682538449,5.122610223405901
-1.148470078008133,3.9851012453240235,-1.148470078008133,0.054848332370053834
0.31712591999151,0.7739624471208044,0.31712591999151,4.918414672475505
1.0505853222882986,2.6406722253269423,1.0505853222882986,3.090661529519848
-1.1711981584635356,-3.7869098718088763,-1.1711981584635356,1.6569615105034392
0.08012577722478462,-0.6506920530502883,0.08012577722478462,1.8997655830683213
-0.2711896902948301,-5.6414820817529225,-0.2711896902948301,20.506436169252368
0.21351100302697287,-3.0035710290801423,0.21351100302697287,1.1681097343209956
0.6606863167358797,-0.12971755222967352,1.6606863167358799,1.130233099573564
-1.1848332493874465,-5.40702291341775,-1.1848332493874465,5.012944366905544
0.6636574043434502,6.2833089883571915,0.6636574043434502,2.970435285540096
0.07913598404853063,-1.0440660211950101,0.07913598404853063,2.26819154870491
1.4651458006167357,1.1023948324856878,1.4651458006167357,0.18710337670703228
0.03556447348269211,-0.38410081296927406,0.03556447348269211,6.976413439603186
1.1212176408212537,5.018092170725407,1.1212176408212537,0.4282355530981392
-0.33074199613700406,-0.45462605654993804,0.6692580038629959,5.69643167516295
-0.8668987436069321,1.3003200341296592,-0.8668987436069321,8.807478967880378
-0.4814171383805335,-2.021386898989533,-0.4814171383805335,1.6222406957334454
1.1375359997168262,3.1516947243412803,1.1375359997168262,3.483956837156231
0.5012854394727339,1.2482698067742373,0.5012854394727339,1.5355413185368378
-0.9091182072760222,-0.5387811331790398,-0.9091182072760222,4.162914083352506
1.0054164631986668,3.4328652528104344,1.0054164631986668,14.65887274364467
-0.04812103314017161,4.3507809537558515,-0.04812103314017161,8.418217480855601
1.0522142212270125,4.537146983455395,2.0522142212270125,6.987466451093155
0.6688044700164647,6.669862532088709,0.6688044700164647,1.5210258521758657
0.787286244542207,1.3675011640513106,0.787286244542207,4.389771239397337
-0.5656342480116103,2.3913934070206118,-0.5656342480116103,3.278400681512033
0.07048284421357591,-0.7482593856504333,0.07048284421357591,2.3353494384774427
1.0552526432459357,-3.0133227631721518,1.0552526432459357,6.417457649022294
0.03931427433735126,-5.114301195432518,0.03931427433735126,1.6798444114108033
0.9704329910093384,5.553591697458633,0.9704329910093384,7.6763518181977615
-0.08543347535448154,-1.4933686195588436,-0.08543347535448154,2.5621011789960404
-1.3560363003585008,-3.359767401704335,-1.3560363003585008,2.4364958964342853
-0.39313650452202165,1.940925557172461,-0.39313650452202165,7.196883437108658
-0.4305187946139182,0.3401397427994858,-0.4305187946139182,4.97899059086535
-0.6696001911383233,-1.0213862295241531,-0.6696001911383233,0.4904258250181041
-0.29895726019889146,-4.274464025139513,0.7010427398011085,3.8852936296846097
-1.6222780332607978,2.1751875102698404,-1.6222780332607978,2.316721126021486
0.8358530038896868,-1.5750378959732811,0.8358530038896868,4.045552638746708
-0.24110735673548656,-3.2089078623189082,-0.24110735673548656,2.7305486950847486
0.6824665519347244,-0.973736814534172,0.6824665519347244,2.0704885076739417
-1.7776141880489649,-5.461197187103093,-1.7776141880489649,3.657097477334825
2.488928063727089,1.4651584946993803,3.488928063727089,5.048683075373967
-0.625387297242426,-4.7999511742895535,-0.625387297242426,4.278830486615934
-0.37362796277253313,-2.439529838039379,-0.37362796277253313,2.2484862299163995
0.9133782206348907,1.4987555383523001,0.9133782206348907,3.058901645806001
1.0031761019403047,-0.89845887450793,1.0031761019403047,15.15899025572176
0.16657945680333527,3.7483294904795175,0.16657945680333527,2.5377112996327407
0.7892672203272438,2.360661050427694,0.7892672203272438,2.6989642426944296
-1.2701194732046364,4.08684168166322,-1.2701194732046364,0.7723402698862241
-0.0242044859418813,0.07055759523211949,-0.0242044859418813,2.619872185086584
-1.1849513579457607,-1.6205938766699306,-1.1849513579457607,4.966550976098384
-1.7768606367838,-0.2220510151011601,-1.7768606367838,5.999353234687998
-0.334624326900679,5.190231335705849,-0.334624326900679,2.868351517938463
-0.5128973989936935,2.571959641883271,-0.5128973989936935,6.181822796843381
-1.0839809641311091,-2.7146254324203754,-1.0839809641311091,3.037949067192704
0.06252056998600793,-0.13758582815187598,0.06252056998600793,6.369581969918753
-0.7634424204318764,-1.3197698814042789,-0.7634424204318764,0.573079061024868
0.6469473796280575,2.0529108785526495,0.6469473796280575,2.795630547661367
-0.7757602028356054,0.07465771540605548,-0.7757602028356054,2.225863004284953
0.045217228648375005,-0.6110920872809544,0.045217228648375005,2.218416135667329
-0.8416566938558345,-0.31823103789887175,-0.8416566938558345,5.31826036280214
-0.1895055867949347,1.333280115768385,-0.1895055867949347,4.681803369082095
-0.4931357939272243,3.206813035815096,-0.4931357939272243,1.2880213740615962
1.1526764914994816,-7.474147638817057,1.1526764914994816,0.5186949964685622
-1.7988475629089011,-0.5722600505994675,-1.7988475629089011,10.8431663639492
-0.4126657597276728,-0.7607690857818741,-0.4126657597276728,1.5506919477463865
0.5976152519996799,0.20954563418981498,0.5976152519996799,1.3839409957818132
-0.1561790769329117,-0.9886830255441073,-0.1561790769329117,4.308734753943803
-1.4973984877694897,-3.6921929432283407,-1.4973984877694897,2.3137314469007064
1.9754144311148985,-3.587817146323319,1.9754144311148985,1.1718374259886895
1.5615493793537132,-1.0884190843073434,1.5615493793537132,5.3265829465742565
-1.0459268261180015,-0.775669187590399,-0.045926826118001474,5.981563722860825
-1.0721630150999706,1.9779910564205274,-1.0721630150999706,1.7117898119816832
1.1509000536838563,2.5699287881946002,1.1509000536838563,3.931440228363043
-1.5233514976249514,-1.851226247194941,-1.5233514976249514,4.2042699411824485
-0.6179927265977452,-1.3979076067839358,-0.6179927265977452,2.2542279172908453
-1.353690294582218,-0.08692506697008229,-0.353690294582218,3.046375039952596
1.0989662399150086,0.5576515272813387,1.0989662399150086,1.5192110934704004
-1.9470136252687562,-2.0078513254186823,-1.9470136252687562,1.399998793264091
0.5240545926507882,3.973526525333111,0.5240545926507882,3.695061744874589
1.7850683178364586,7.525163685730449,1.7850683178364586,9.903893728610528
-1.6342676123016608,-0.15002359972280477,-1.6342676123016608,3.250862299268374
-1.3800937681884629,-3.277974184583288,-1.3800937681884629,0.7565540627252788
-1.5553944833301951,2.3351149310865758,-1.5553944833301951,0.9190754669391575
-0.43902239585080627,0.23676495176313594,0.5609776041491937,8.364335682595263
-0.04011656749009837,-4.617743564498998,-0.04011656749009837,1.209475185646106
-0.1546596297360878,1.1191074106688208,0.8453403702639122,6.543055552659035
-0.24948012151492457,-3.649088271178094,-0.24948012151492457,1.2397998617885764
-0.06564968388769418,-4.932573903685119,-0.06564968388769418,4.522074599475065
1.849025835634847,6.587968572615712,1.849025835634847,2.127657065586448
-0.7607351372157084,-2.905900741349997,-0.7607351372157084,7.364896956348538
-2.112389709518581,1.267232028004857,-2.112389709518581,1.1202856403775971
0.30548812668601044,4.982606704444565,0.30548812668601044,2.8099042299275343
1.043294536051212,4.415458287478488,1.043294536051212,12.884928277573946
-1.523452877141384,-1.171264159281162,-1.523452877141384,3.7627668452938674
-0.2590448212792298,0.5560819495026992,-0.2590448212792298,5.19070739236713
2.07435130204628,5.06762458281264,3.07435130204628,4.518166432361146
0.6412490751715015,3.2791140162934007,0.6412490751715015,13.607369027272512
-0.16895254820951527,3.22913975224323,-0.16895254820951527,10.302973359406725
0.8027522941224792,-0.34477245135030365,0.8027522941224792,2.679298796452473
-0.4482005125992642,6.226820031752148,1.5517994874007357,2.9001006940183878
-1.0306008297298397,-1.9735744518054785,-0.030600829729839685,6.9192223965371165
-1.0277910293928572,-0.23713135081326753,-1.0277910293928572,6.35949464061759
-0.2489767807252691,2.936418228544612,-0.2489767807252691,3.7270463639697624
-0.9312154905856939,-1.6520419343518857,0.06878450941430614,3.4540974441920236
-0.7766786659020823,0.22762263207169475,-0.7766786659020823,3.74992136011253
-0.1703419205382302,2.6372325345247645,-0.1703419205382302,2.1807190823363785
-0.8375623037755927,-5.558348845044744,0.1624376962244073,2.1978278230744444
0.026332678144118212,0.8406607975048093,0.026332678144118212,3.1220149815559832
-0.332634791201329,0.6295240357581122,-0.332634791201329,5.037750864394192
-0.5728684254633674,-1.8772558148646545,-0.5728684254633674,2.1776334344493837
-0.6595976748902522,-1.2333161616749897,-0.6595976748902522,6.105456385678867
1.6519393561627174,-1.7721684739692984,1.6519393561627174,2.5029539481666654
1.8736031913079862,0.8733261841676312,1.8736031913079862,9.947625376558772
1.9219748990060956,7.118991550470601,1.9219748990060956,1.878642927884412
1.754441476713363,0.626679696445398,1.754441476713363,2.8234488903367394
0.6191968385213347,1.1134482985410104,0.6191968385213347,4.125532989187635
0.5353010016976955,1.4524611654727604,1.5353010016976953,7.748066704502077
-1.0758435682408383,0.34919745531031054,-1.0758435682408383,8.072016395817442
-0.025088770895825317,-0.4051082751772564,-0.025088770895825317,4.169861944587713
0.06596279315445469,-3.7399103531155253,0.06596279315445469,2.6736482159393407
-0.9777836454438922,0.5262496284480065,0.02221635455610782,2.7405325929063618
0.6090967124793958,-2.1412623967270203,0.6090967124793958,3.7563132885196078
-1.3095094601658106,-2.155040241199459,-1.3095094601658106,5.8211945872322515
1.6224608680537655,7.783726729147078,1.6224608680537655,5.1188500648064785
0.45882843906925264,1.0689285143803442,0.45882843906925264,3.1668738099545553
-0.23466638784328192,-5.353668151045678,0.765333612156718,2.183932507101538
-1.1561708160079565,0.2767538298935279,-1.1561708160079565,2.825095638718857
-1.3719721253306867,-0.4720417612182055,-1.3719721253306867,3.18658567984102
0.5729038422248556,6.463347130960255,0.5729038422248556,1.5224759521543854
0.1374860634999786,-1.9656529007510888,0.1374860634999786,0.9532577400411656
0.9234282664089778,4.74837138496373,0.9234282664089778,7.89067062656805
0.19504133552517713,-1.2141256570045713,0.19504133552517713,3.753114145433984
0.09558151145656069,-0.8760040365810876,0.09558151145656069,5.379824034391713
0.6962724021785834,-5.493955574213758,0.6962724021785834,4.542309492018524
1.5192513874089355,1.768727333536045,1.5192513874089355,0.6482672377818448
-0.7251120821668664,2.546898551551547,-0.7251120821668664,3.3269489407349138
-1.1784662762241145,-3.8597536519962454,-1.1784662762241145,1.3774272805245058
-0.5229513367871529,-3.6205232059669203,-0.5229513367871529,1.5465290837519245
0.5329738699568103,2.7624942826462426,0.5329738699568103,3.859070989360459
-0.9839096832204131,-1.9893142276105016,-0.9839096832204131,2.6528583180245686
0.08232771994670882,-3.1254918403740213,0.08232771994670882,3.596061835316855
0.1814389691752763,0.47173398403155437,1.1814389691752762,4.9658579315442495
-0.6088402895803622,0.03148255491376717,-0.6088402895803622,9.343533078170656
-0.30876832546176874,-0.355458588299907,-0.30876832546176874,3.6175265825300427
-0.9181887076176423,-0.7910165650276132,-0.9181887076176423,4.415186829482675
1.662872798557419,8.98137418403791,1.662872798557419,4.731004756823748
0.7568352405252259,-1.0622495085704233,0.7568352405252259,5.190280557933582
-1.0562899862862956,-2.360876729669542,-1.0562899862862956,7.44243193573117
0.4125154046576278,-1.6302700994151293,0.4125154046576278,2.085388572346013
1.900727764697831,0.09203652393010442,1.900727764697831,5.578416231584957
0.34115995396508325,-1.957370572231766,0.34115995396508325,3.7306051738568557
-1.8481971628285043,-2.1345581948634336,-1.8481971628285043,4.202028430922449
-0.8879487514393771,-3.755633450642772,-0.8879487514393771,0.6358359147780711
0.9309838372616606,5.494997131444088,0.9309838372616606,2.297228418752333
0.21760298047968676,0.13238509761428088,0.21760298047968676,2.147500849510009
0.11808461080063311,-5.994405173635489,0.11808461080063311,1.639375129901187
0.015913810855914704,-3.2215132040467167,0.015913810855914704,1.6718475992986797
0.39715706953028973,-0.41713625699790835,0.39715706953028973,4.68412761651908
0.8545807172293179,2.848638960614748,0.8545807172293179,3.488493395808281
1.5623904747019428,2.3680648688835717,1.5623904747019428,5.702931443712884
0.1405738470529042,0.9095852710156229,0.1405738470529042,0.5653262503016564
-0.6555981025088666,-0.576876170477409,-0.6555981025088666,4.799065171170994
0.6729193757017665,1.1104707402557805,1.6729193757017664,8.348605642771625
-1.9133511687745373,-2.5097951252079875,-1.9133511687745373,3.0310571141822047
0.1676163116177594,3.0937895633474035,0.1676163116177594,4.246900833195423
-1.550971234296378,-3.9807419337613523,-1.550971234296378,3.9113134717116216
0.5442908524481201,0.002103194688110821,0.5442908524481201,2.412044671512301
0.8423477465571789,3.389654225075172,1.842347746557179,4.168185105917241
1.7748783745083638,3.842293084267471,1.7748783745083638,3.1567666167528965
1.296727019509814,1.5131856311036624,1.296727019509814,3.1783277726321697
0.972134466534123,1.4291940819924125,0.972134466534123,1.8065207575782936
-1.3242696362895285,-1.2201703742765722,-1.3242696362895285,0.9176867868632886
-1.766018459665393,-1.0392392443684075,-1.766018459665393,6.020084674469958
0.8203602693551794,0.29885928719553634,0.8203602693551794,1.7367421683022954
0.22884034677169834,-3.4492792690164413,0.22884034677169834,2.455511176223855
-0.44230420035239043,0.7571098424271185,-0.44230420035239043,1.7547103560109343
-0.25090695453439615,-2.667884346407469,-0.25090695453439615,2.765138875246178
-2.3813711315999573,-7.171608798462914,-2.3813711315999573,1.7956943954130287
0.14334585477745357,0.0017091658972742951,0.14334585477745357,2.4171485260279413
-0.7346873102506877,3.483258437792303,-0.7346873102506877,6.333327027258556
1.8649164719025682,5.270235215142602,1.8649164719025682,1.5261406673895281
-0.8742656274522727,1.5222246715338823,-0.8742656274522727,5.235738050243305
-0.654940259076584,2.24965283451499,-0.654940259076584,8.837920618938215
-0.8672226476087653,5.2480848309855945,-0.8672226476087653,1.9579074666262108
-1.2022591520971357,4.079532217220397,-1.2022591520971357,3.0336503387044136
0.9125489507638778,2.637211081639519,0.9125489507638778,3.092463349395838
-1.028358770142557,-3.9005134443342104,-1.028358770142557,2.313147604056282
-0.11475016978615907,-0.389185930978622,-0.11475016978615907,5.23236122682265
-1.5005216562330979,-2.582405652876787,-0.5005216562330979,8.425138058200668
1.615568783349553,0.8162726906852424,1.615568783349553,4.1632166364877605
-0.4039888464517283,1.912633941744736,-0.4039888464517283,1.7543849691984523
-1.954618588512759,-4.11291682265581,-1.954618588512759,3.47954129795373
1.0715439099278827,-0.15883015646504361,1.0715439099278827,3.254084447677192
-0.5347668021953768,-5.5238180980512706,-0.5347668021953768,1.1611444353224918
-0.2335408159935727,-0.5901425537893638,-0.2335408159935727,3.112329058329896
-1.4142104619527849,-2.8456571303357707,-0.4142104619527849,10.48911909677775
-0.0031769078043720786,-3.099164808814664,0.9968230921956279,2.5669974859139475
0.7154054356371147,-2.5183886441388195,1.7154054356371147,0.7704740326775481
-0.5828157881445697,-1.6053402067473719,-0.5828157881445697,4.251806199396428
0.485831308370266,-0.5304581511809451,0.485831308370266,1.4037452794415473
0.3209095815647255,-0.9356093909306836,0.3209095815647255,3.044227920915516
0.08532231716884732,-1.0077303086845117,0.08532231716884732,2.2360856107894085
0.15909994118083512,-4.423388311475857,0.15909994118083512,5.408624644065704
0.16145316295089135,2.6199771805112024,1.1614531629508913,2.246419719227492
1.2461163578827332,9.365117892439809,1.2461163578827332,6.67511034899989
-0.5797976216415051,-2.3145341734409954,-0.5797976216415051,2.7050500617124227
-2.031397341283813,-0.1416398708230231,-2.031397341283813,5.298049414548955
0.9418459040830321,6.687618991382773,0.9418459040830321,6.981184051488729
0.13289939534524642,2.35238081688268,0.13289939534524642,0.2793239281893522
-0.35420422116271827,0.40121216210459304,-0.35420422116271827,4.51309440014076
0.7596818485700377,-0.7224854132963597,0.7596818485700377,2.3484597419169124
-0.8355220448884658,0.06151253193679829,-0.8355220448884658,5.5258933727633535
0.9634444923664748,1.4065651566896122,0.9634444923664748,2.977448822249225
-0.27104325213781283,0.8967086949297953,-0.27104325213781283,2.4773531651669485
0.0614828128345462,-1.2990119216152376,0.0614828128345462,4.838824732401616
0.6710120975849071,4.471375544772431,0.6710120975849071,4.065148820412886
-2.19001071521729,-2.0664017130094297,-2.19001071521729,3.5164002704782593
-1.2440188595426287,-4.001558837708751,-1.2440188595426287,7.636582089165224
0.7680663874274797,0.9948747412278264,0.7680663874274797,6.246705796382634
-1.4513230691669352,3.0323276332253823,-1.4513230691669352,1.1716513865470317
-0.9377638813610166,5.3018262342524665,-0.9377638813610166,3.8080435431382393
-1.7586888647614258,5.572837709188855,-1.7586888647614258,7.6803565718063895
-0.17594859560514514,0.2680606787094368,-0.17594859560514514,2.536827815506869
-1.8321540730523165,5.316380674031981,-1.8321540730523165,3.2613457907980195
-0.8048967343355364,-2.0684411036587163,-0.8048967343355364,1.7165120088841213
-1.445335805728364,-0.9033046730240122,-1.445335805728364,5.32292391644128
-0.1232452219016586,0.8154991064598203,-0.1232452219016586,7.3652486839309335
-0.6821632669078402,3.3791241905033265,-0.6821632669078402,7.602924072964678
0.36831489679421553,-0.7185444780567041,0.36831489679421553,1.8714734522208465
-0.059946475392096917,-3.1013993421014496,-0.059946475392096917,0.3050394736129752
-1.63071878262222,-2.2923426698022014,-1.63071878262222,1.6981081147297377
2.0950785891360035,-2.9112746966392353,2.0950785891360035,1.2880592715919912
-0.7072104951276427,-4.402652567775433,-0.7072104951276427,3.3699137838502424
1.5215947438498822,1.547620272746908,1.5215947438498822,3.768641251285335
-0.9409285419691709,-2.985314267775038,-0.9409285419691709,1.699152244787323
0.16882355921471914,2.557540851950978,0.16882355921471914,1.8377994807671882
-0.8856720335822122,4.427508421482958,-0.8856720335822122,1.4285156560880803
-0.8710436791181093,-1.7285617260904464,0.12895632088189068,1.9917543039460588
-0.6203050177608554,-0.9257491426617565,-0.6203050177608554,2.937313624613247
-0.370820415923907,-2.3446943467852055,-0.370820415923907,1.4868629710576182
0.12389741787123142,2.3040762801339576,0.12389741787123142,5.601138042516462
-0.6767347598946952,1.8576168996955391,-0.6767347598946952,4.003080364860626
1.1799838387350239,5.14969485449493,1.1799838387350239,8.939247758285319
2.495430471750889,9.911364026152032,2.495430471750889,6.734149274893668
-0.47842384128439963,-5.784974566113735,-0.47842384128439963,0.7163850749563443
0.04066979142655674,-1.0374080786074122,0.04066979142655674,7.9015856265331115
-1.2998413753291431,2.120495528988016,-1.2998413753291431,1.3388955438560624
-2.0634922254310957,-5.990383877695397,-2.0634922254310957,5.992477914294377
0.26154776405907226,2.8250459196908797,0.26154776405907226,6.20484795357772
-0.9225267599717085,-0.36101052221830343,-0.9225267599717085,4.563459050321994
-0.8343957416062817,-5.608610048066192,-0.8343957416062817,0.9558847445667916
0.22443440678936089,2.220439579460457,0.22443440678936089,9.221729321887818
0.7199555827065209,3.951920659709324,1.719955582706521,4.713101612769341
1.4036402016534937,-3.1606402775780906,2.4036402016534937,3.2762787620918505
-0.950872167770931,-0.5422484947252687,-0.950872167770931,1.646429324119143
0.4487386341759342,-5.875103519629048,0.4487386341759342,4.35963552500999
-1.2426296644914763,-2.5672273430658574,-0.24262966449147627,9.971988042047807
-0.765275779552867,-1.0908592443795233,-0.765275779552867,1.5519557624632583
0.01422874852325928,0.09740473050784099,0.01422874852325928,3.343943672796727
-0.8801516053610849,1.326316819101451,-0.8801516053610849,2.5126303026682644
-1.7627825281863991,-0.6704823411284968,-0.7627825281863991,2.0196134499040292
-0.712210030743154,-4.756645243433617,-0.712210030743154,2.61435446939147
-0.9015926151520387,-5.929588586365674,-0.9015926151520387,1.9472997532185676
1.6988568000162718,-3.5690130157212767,1.6988568000162718,2.4740569335805143
1.324443980162484,1.0450037976786075,1.324443980162484,0.40276253692657155
0.9272685661584309,2.1014490019466314,1.927268566158431,3.760382359607512
0.19494277515293684,3.4123750072762125,0.19494277515293684,3.6953787289884006
1.034909450848155,-1.3076718217705943,1.034909450848155,6.748740864825509
0.48091340663638277,4.116622241896476,1.4809134066363827,2.348285088397983
-1.6826672363921813,-1.204132116603035,-1.6826672363921813,6.020336090596118
1.1298583969990432,6.451489991259913,1.1298583969990432,5.348367660517781
-0.6876642864982683,-1.84059145898281,-0.6876642864982683,4.662405565066743
-1.4493524612124378,-1.8002375410268499,-1.4493524612124378,3.4912456403485623
0.18693311696738435,-4.311412985771968,0.18693311696738435,2.162549939949271
-0.08717355976502526,-4.3380086438506495,-0.08717355976502526,0.6421424613150765
-0.2708987021306385,3.323855328255777,-0.2708987021306385,1.793741024618637
0.20706893186412953,-3.330344459260523,0.20706893186412953,8.054223995791897
-0.4184752311172314,-6.312544138082785,-0.4184752311172314,2.7932390130542006
0.8497192848131697,0.9092342354364289,0.8497192848131697,2.5515376621705688
0.292285094128817,-2.1807777458041397,0.292285094128817,2.9448353661870406
1.1235365266184303,-3.5650996630933065,1.1235365266184303,3.2723640633786713
0.8964374070905583,5.1143048911363085,0.8964374070905583,2.6362621187644546
0.798930406043917,7.229397240511664,0.798930406043917,15.001329333960904
-0.4223718974309261,-4.5403497938753,-0.4223718974309261,1.2972484266774964
0.193837824102232,-2.761060367049184,0.193837824102232,8.214731126830275
-1.531065973722757,-3.091959308634504,-1.531065973722757,3.1727380441228
-1.425199755229738,-1.5188221786795764,-1.425199755229738,5.365276575449579
0.4167848424862737,1.6723257268907277,1.4167848424862737,11.036437429616573
-1.9574215469333416,-3.9914796025348513,-1.9574215469333416,1.989704050655173
0.8834644049506898,1.6277481752855576,0.8834644049506898,2.9134084972153014
-1.2035715902451094,-0.8514332128771719,-1.2035715902451094,12.120312391003166
0.035626593559166295,-0.41936680599429066,0.035626593559166295,1.9213016364401012
1.540487151305047,-2.54605474876161,1.540487151305047,9.086635552193417
-0.9574989542762461,0.19300296201332234,-0.9574989542762461,1.726310142336368
-1.9008691174588874,2.3607973970558547,-1.9008691174588874,4.396340092605637
0.9442192266694571,-5.090692214718177,0.9442192266694571,6.12409196429804
1.9136714399878152,1.8536722450960152,1.9136714399878152,2.671257315229397
1.2747476949089485,2.5332649876810613,1.2747476949089485,5.732430413341508
0.2944391561783035,-1.466295051320825,1.2944391561783035,5.8479137151485885
-1.1772626258390972,-3.1606376545537773,-0.17726262583909724,4.340216669307881
0.6203549562472979,-0.5291847418005875,0.6203549562472979,1.433797937252329
-0.19744275249528126,0.47956962817119125,-0.19744275249528126,6.648319178895313
0.24234595826839161,-3.3525526048277516,0.24234595826839161,2.9428315265519585
-1.6636304397473545,-2.177327783256934,-0.6636304397473545,4.006152593909558
-1.5967990950439788,-2.6455495200821355,0.40320090495602123,2.3918176148293706
-0.2837210053919234,1.2660516967728686,-0.2837210053919234,1.30151018779972
0.47332106851741185,3.6435858509355796,0.47332106851741185,0.8198463576636795
-1.1301505244216625,-4.8861379280257164,-1.1301505244216625,3.8038247831429173
-0.15410020217173795,-6.803956039114457,-0.15410020217173795,0.23380730163197444
-1.217488629128235,-2.0823283217473487,-1.217488629128235,1.946338620052095
0.8635019037849706,0.7336452338485773,0.8635019037849706,5.288106189883713
0.6153633961144948,2.3796035835623623,0.6153633961144948,5.340021395799367
0.8037453716359187,4.125553369475756,0.8037453716359187,4.024739136982542
0.45482360133375954,2.194325630838877,0.45482360133375954,1.1793081590840913
-0.049857046532822524,-4.790411710026005,-0.049857046532822524,4.48121676461842
1.2238427948115365,0.4361925024309814,1.2238427948115365,1.9316244005395953
-0.707598736948545,2.806250110396138,-0.707598736948545,2.2759878937505307
-0.5078439652703279,-0.0709055846100094,-0.5078439652703279,2.8908754786851385
-0.7509726411892125,-1.8608065750244407,-0.7509726411892125,2.9346067347159184
-0.1528482944094411,-1.835842521657573,-0.1528482944094411,5.090217636124853
0.02739823681161561,3.291945882726906,0.02739823681161561,4.385307192755018
0.44831183766131416,2.4193950456098183,0.44831183766131416,2.122818055518272
-2.120216874436692,2.8534887466847625,-2.120216874436692,2.787860269910443
-0.8026899735851043,1.629682440176815,-0.8026899735851043,4.863653754488375
-1.3751348932729397,-1.5363735669838074,-1.3751348932729397,5.597597792547445
0.5606464484711615,-8.079530228581449,0.5606464484711615,3.1269104291297984
0.037743202829017296,0.38668338617817327,0.037743202829017296,2.5998975013743757
-0.28919861642257194,-5.24729471333713,-0.28919861642257194,3.3538813743205154
-0.3616750645979965,-2.0418409835240325,-0.3616750645979965,3.9102577654033497
-0.34849935302972185,-0.0701756357859677,-0.34849935302972185,2.1111793646247032
-1.0328985817055867,2.234925407803488,-1.0328985817055867,5.987768691759111
-0.5715529244010354,-0.5741096234009057,-0.5715529244010354,0.9932320974300228
-0.8726929632675476,-3.7983743820195004,-0.8726929632675476,1.3493236477585844
0.5499342730347645,1.0548786905161744,0.5499342730347645,1.3930342967680511
-0.48178915069438055,-3.6251143738519174,-0.48178915069438055,9.995263124276358
0.8622921929146541,8.19165066552312,0.8622921929146541,0.19934607151612593
0.3260399039906731,-5.183061062787907,0.3260399039906731,4.815921794648159
-0.30058348909603183,0.5516359639691616,-0.30058348909603183,1.2864802197974414
-2.2277741723833997,-3.0528209547948313,-2.2277741723833997,3.220289758687271
0.7156970026818179,-2.3604334126842748,0.7156970026818179,6.532756298501721
0.8496478475362844,2.402399282469574,0.8496478475362844,6.674218085653768
0.9311639886706136,1.7706942482582038,0.9311639886706136,2.71833319405598
0.8714416179505323,2.947957964979974,0.8714416179505323,3.987143576432033
-0.5890340375042686,1.3065532348846414,-0.5890340375042686,3.1006428468042633
-1.5566593836117364,2.2007341749593072,-1.5566593836117364,6.315852870919363
-1.4441889933305458,-1.635603383729429,-1.4441889933305458,5.003656584471082
2.207136862326708,-0.29865232719734225,3.207136862326708,3.0698464590895487
-0.45817009432537775,0.2163351874271487,-0.45817009432537775,4.831331604045767
-0.725974945637201,-3.7993204687071684,-0.725974945637201,2.7358965292576487
0.17086267732428054,-1.3542416697543957,0.17086267732428054,3.6590327554224977
-1.0184880345046634,3.1443804759246774,-1.0184880345046634,6.0129132561709415
-0.5313121266521771,1.1760184540366958,-0.5313121266521771,14.621114459440836
-0.39201821582353963,0.05080898155838781,-0.39201821582353963,0.30016031879531135
-0.1873911387566512,0.9584242706892774,-0.1873911387566512,10.227192516691352
-0.21791820420099037,-6.775731925478481,-0.21791820420099037,1.5679474463430154
-1.915132432337044,-2.6374361561796515,-1.915132432337044,2.0872589925149407
0.3687572018290454,-2.059741792506495,0.3687572018290454,1.6435863336255532
-0.8060661513575005,-1.2115395586222886,0.19393384864249952,4.503794598517228
0.24573414378706876,2.406978396183125,0.24573414378706876,1.6363928605915161
-0.05199267735227401,-3.7055588701776294,-0.05199267735227401,0.7612820612388734
-1.7551663297183562,0.46361616301720554,-0.7551663297183562,5.9694181446027885
1.3438735312297414,0.21218782292121463,1.3438735312297414,3.7043210819739767
0.24592770846859688,3.915018286726222,0.24592770846859688,1.3665107423176939
-0.6329218862584136,0.19299993060834553,-0.6329218862584136,3.7446420707539927
0.7614244736735948,-3.575175498846973,0.7614244736735948,2.1072145633478705
0.5476888589937562,0.9169669584247208,0.5476888589937562,5.101770945725999
1.3170381570480656,-3.461863245695673,2.3170381570480654,2.2937276937771522
1.2354740862932272,-0.4956460877453579,1.2354740862932272,0.9036544794385447
-1.6386674772343583,-4.310292005979506,-1.6386674772343583,4.4895468667443295
-0.7275542846945512,-2.1983789164928735,-0.7275542846945512,1.2951844095878446
0.6274267254695937,0.262590525761325,0.6274267254695937,2.4838432628947102
0.04421187919449939,1.6380951220401356,0.04421187919449939,5.7646042075735435
-1.2068497184313716,-2.1354922395868243,-1.2068497184313716,0.471520633734378
-0.7625058224650348,-2.471371231583513,-0.7625058224650348,0.5464611220704758
-0.6687351316496568,2.3698756861226227,-0.6687351316496568,4.559850595225522
0.3074696406545491,-2.8039401777522386,0.3074696406545491,4.951921661251742
0.081127854598409,-5.182903886916059,0.081127854598409,0.6442527584155876
-0.3411553965417187,2.34341567798147,0.6588446034582813,2.1019473749106523
1.16491324343986,6.043283640218875,1.16491324343986,3.034936511002294
0.049759309286401404,-2.343661998662481,0.049759309286401404,6.2179264948468935
-0.08319807785890664,3.7608610379656824,-0.08319807785890664,3.9497276905523258
1.2436945480155535,-0.2646585255956375,1.2436945480155535,9.836957631209785
2.205348587531799,2.408813303518685,2.205348587531799,2.2938176988392485
-0.2564988877510513,-1.4834931307629762,-0.2564988877510513,1.6252983640467091
1.40583630499485,1.9019651825973523,1.40583630499485,1.5514220023431011
0.772208866956691,2.5068560573773797,0.772208866956691,1.7056702784184474
0.07035389156078659,-4.291597371964783,0.07035389156078659,5.186542154626758
-0.08195818372319538,1.343592256579079,-0.08195818372319538,4.302412746783843
0.7152209485915798,-0.5697580230424023,0.7152209485915798,4.5137040801742
0.5885371716573963,-3.4498373945980365,0.5885371716573963,9.465031213298273
-0.02802274652884159,-6.1318049200641385,-0.02802274652884159,4.530179155721125
0.7095905238573914,-0.13733886548977947,0.7095905238573914,2.568101914092858
-0.5753355919783852,-0.1497286737695318,-0.5753355919783852,1.3352245169635952
-0.21702574069891137,0.2517704865352426,-0.21702574069891137,4.708847124447423
0.633580809145176,0.5181693459895564,0.633580809145176,2.578447067652618
1.5391878130335974,-0.36741951919049964,1.5391878130335974,4.687446274033443
1.4243327964362493,-0.6731223372577133,1.4243327964362493,8.53955489989459
0.8192321222172733,-2.091446752330561,1.8192321222172732,2.5437664009822774
0.3116262484139751,-3.141302754177592,0.3116262484139751,1.1774713915521893
-1.3487142268179775,4.003332530041158,-1.3487142268179775,2.711806185906966
-1.5898349480465748,-6.744794436531651,-1.5898349480465748,1.459082649339365
-1.0335646948885826,-1.8915125753782487,-1.0335646948885826,17.083171889361857
-0.6798222616237379,-1.3488611394737704,-0.6798222616237379,10.476568144042302
-1.1294850016102291,1.4813844237757188,-1.1294850016102291,2.8941299760577475
-0.37826582523939395,-2.509766581894182,-0.37826582523939395,3.0604708681143133
0.34869045602484794,0.8333636714516084,0.34869045602484794,3.271160077881195
0.2091781950322034,6.1483075091745425,0.2091781950322034,6.798879552911156
-1.4336620106464222,-0.6189923563014943,-1.4336620106464222,3.006233218978003
-1.0180056089646057,0.8089618155631928,-1.0180056089646057,19.758590272436702
-0.7841183937298815,1.4511152838959034,-0.7841183937298815,2.347182784905569
1.2200223388872915,4.940621042106846,1.2200223388872915,0.5332884252208553
-2.132937273842487,0.47826045960405983,-2.132937273842487,6.671554396152081
-0.07414219447290446,-1.5933259128572075,0.9258578055270955,6.163530667086443
0.6817619743244755,3.330638635401999,0.6817619743244755,4.507847805181599
0.5999255255054557,1.1457502072992973,0.5999255255054557,1.728447727146755
-0.9291028935699672,3.3559588318308573,-0.9291028935699672,7.788548746582532
-2.4366303722084433,-7.5542905157297096,-2.4366303722084433,7.568583568586376
-0.41635907429642316,-0.8167904873638241,-0.41635907429642316,4.499483022960149
-0.4621369503679978,-2.6624516244528977,-0.4621369503679978,3.4714441795824547
-1.4658009393314693,-0.7894027890985864,-1.4658009393314693,3.700894156305803
1.0938573992561338,0.4508123139113649,1.0938573992561338,9.519494809859772
-1.8045434507259586,-2.2658965934016444,-1.8045434507259586,5.019051089168324
0.8169399507725172,0.7725821029520745,0.8169399507725172,1.107806089712659
0.8366634210748072,0.8863267944239692,0.8366634210748072,2.39403611440355
-1.233847721079169,-2.682615556253768,-1.233847721079169,8.582958294678713
-0.4007655262046967,-3.292153850773739,-0.4007655262046967,5.350627881171436
0.37661518906181357,1.2925470233504366,0.37661518906181357,5.677314222650066
0.39531023530167686,2.434529356662032,0.39531023530167686,3.785430156735725
0.628340821152287,-1.1142262882964018,0.628340821152287,8.013475263657151
-0.6977778363451032,-0.9318898378678298,-0.6977778363451032,4.7623459057390995
-0.6602448038452121,-3.9338403668209,-0.6602448038452121,6.200684807527034
-0.877362961451396,-3.0120081004394916,0.12263703854860397,1.9484456472227671
1.4789912049738276,2.5181057382177263,1.4789912049738276,5.413573340160157
1.2855811038750533,1.9372295044595453,1.2855811038750533,6.731299839003886
-0.30309225721464694,3.675299854275583,-0.30309225721464694,2.529631858898263
0.6104170432836242,-2.9638669426563538,0.6104170432836242,7.674559445914217
-0.7573762004851559,-3.2940516884046405,-0.7573762004851559,9.486959661734453
-1.1228670277571415,0.16779998480751246,-1.1228670277571415,1.9622960564831124
0.1743683336209641,-2.2877350663324503,0.1743683336209641,7.140325725556065
-0.6320732700882253,1.090139247321578,-0.6320732700882253,1.5198544368299935
-0.9675212031471782,-4.118133431525017,-0.9675212031471782,4.038582056922773
-0.16759882455996716,-5.866363391395385,-0.16759882455996716,2.8218278215653996
0.6389211674811477,-1.9472556308916162,0.6389211674811477,1.6189607948941118
-0.039183922867128476,1.4715923138201281,-0.039183922867128476,1.9556323327803358
2.0442529993923886,6.241000288080287,2.0442529993923886,2.626869861518559
0.18253048943662728,-1.9360000165925932,0.18253048943662728,2.1030047265126592
-0.46606363425537906,2.0493410153157043,-0.46606363425537906,6.451468290260127
0.13441470693664362,-1.877338399304277,1.1344147069366437,1.0573604918534711
-1.4836165409816067,-3.8566387342527957,-1.4836165409816067,2.255516792165217
1.1139884327068836,3.5139308417603834,1.1139884327068836,2.9798171579989288
-2.1422514807239192,-2.5139080357131047,-2.1422514807239192,0.6483638879204756
2.4145955942287674,-0.9996407818860988,2.4145955942287674,7.322523893283174
-0.9773783659001377,0.9867894788137933,-0.9773783659001377,2.925538558853274
-0.9650298569368293,-0.7084201408109463,-0.9650298569368293,9.11068753491987
-0.44451242924701173,-2.3380518624409095,-0.44451242924701173,5.364185791260598
-0.8816183803545131,-1.5730385088947185,-0.8816183803545131,3.2493247077771708
-0.00590536028115958,3.197681112553138,-0.00590536028115958,10.043172321543814
1.5120878739865975,0.3007415150994681,1.5120878739865975,6.755179891860281
1.5007901229951086,5.278574289532106,1.5007901229951086,3.9111412325231965
0.6540849673179746,-0.810491157105227,0.6540849673179746,2.533047663156888
-0.6909106027607751,-0.4521411538877874,-0.6909106027607751,2.3640746975570432
0.8658410442303074,-2.4405922482096156,0.8658410442303074,4.69970184019813
1.4972259769557368,4.0846824414024425,1.4972259769557368,2.3653958289881123
0.24267974780439328,1.048252525363563,0.24267974780439328,1.3231413918289008
0.26279034813487046,0.03692319052352844,0.26279034813487046,3.586749420631674
1.3158302529466712,5.740698609293718,1.3158302529466712,4.631032449450016
2.3460628678902355,-0.5372327885970294,2.3460628678902355,7.789032298719376
-1.0304793899806945,0.2847530419015434,-1.0304793899806945,0.8900817053178444
-0.5288146424163932,-2.01610605978132,-0.5288146424163932,1.3481139347703228
-0.8019005432103342,-0.05070475878350722,-0.8019005432103342,0.5464802922176639
0.8998904128924771,1.7570751451623932,0.8998904128924771,1.530695957501383
0.2322672160937194,-3.9755682789522298,0.2322672160937194,6.761007463974113
0.6511444858363131,-5.350968016286185,0.6511444858363131,5.05370397663495
0.20704207514677928,2.651875465956151,0.20704207514677928,4.540789943245386
-0.8928012107526915,0.35412425252526236,-0.8928012107526915,4.263783489419904
0.27506112419009526,2.766009367548459,0.27506112419009526,5.706116491285406
-1.3836328042189157,-2.9965567313516903,-1.3836328042189157,10.963695498237207
-2.043795472802704,-6.512450384022547,-2.043795472802704,5.797910787808224
-0.9708461740945504,-2.8591035752807556,-0.9708461740945504,9.183487194888022
1.6253996045905983,-1.9903153009132581,1.6253996045905983,2.595629405055553
-0.5689164858214044,-1.365850673838164,-0.5689164858214044,4.486588653919562
-0.0913707628932889,-2.8324418976688244,-0.0913707628932889,6.016396856532224
-0.4741499322349834,2.775843328682285,-0.4741499322349834,7.065195197326168
-1.2002244232019994,-3.8734729799702574,-1.2002244232019994,1.9407209469771278
-1.711405514689948,-2.69405868753646,-1.711405514689948,2.491339578709425
-0.5071242341463723,8.940835138179128,-0.5071242341463723,5.901162794112186
-0.9571289594026078,-0.5976292729608226,0.04287104059739222,2.861791587156443
2.1228831652108737,2.2417744348705906,2.1228831652108737,1.2332723301376463
2.3894218934786307,6.942183206664257,3.3894218934786307,6.456398512566405
-1.7248878382559765,-2.7462467238388637,-1.7248878382559765,6.027062174057615
0.7178794817115078,0.06827275294072388,0.7178794817115078,4.630528639922572
-0.4804799534816344,-2.350979917077494,-0.4804799534816344,8.737273214456115
-0.7802654966289074,1.9547242930071476,-0.7802654966289074,5.279132650466871
1.2132517955775042,-3.6093251821917125,1.2132517955775042,7.031604318545581
-0.21632698062287226,0.45370892599351853,-0.21632698062287226,0.9401365701856446
0.08189989301036771,-3.1924383077393115,0.08189989301036771,4.442579963711559
-1.0497010823270811,-4.166657637325344,-1.0497010823270811,2.1443958656888973
-0.8999401788731656,-1.6859455324492882,-0.8999401788731656,1.6341422134343315
-1.273981318063653,-2.6576258743600985,-1.273981318063653,3.178591625115365
-0.3597770109500295,-4.693174969763049,-0.3597770109500295,3.936264456138421
0.37778125447138344,0.6454007671401094,0.37778125447138344,3.3675089176789585
0.561895096479294,0.5332004507111063,0.561895096479294,4.784082786759798
0.8255993768014257,0.23900634881195704,0.8255993768014257,2.6007733442076373
-1.1380348023584135,1.3967714097381327,-1.1380348023584135,2.323136823522221
0.395892595196039,-1.5640656469422378,0.395892595196039,4.146830961005881
-0.6458948560437627,-2.5096256487540405,-0.6458948560437627,4.406427009997914
0.6408457195698354,-1.6239086538429084,0.6408457195698354,8.747833325098451
2.2384119973061796,-0.48132010400150627,2.2384119973061796,1.072843421785849
-0.15102216806555852,1.7796033601337877,-0.15102216806555852,2.319641093146649
1.7207132645005392,0.9041164706684354,1.7207132645005392,3.8469175411191823
-0.4705884413441924,-2.2526003945930766,-0.4705884413441924,1.7263528494023181
1.3189749304152103,1.8704933355431899,1.3189749304152103,9.618243550414583
-1.906520266871817,-1.6546771581212831,-1.906520266871817,3.585586646055051
-0.3311418253326996,-0.6662933999704781,-0.3311418253326996,4.232188755227603
0.39455823324311023,3.774809819327185,0.39455823324311023,0.3826129952338575
-0.2884310055450353,-1.1233674220348395,-0.2884310055450353,1.3609820675782764
-0.739078066612487,-2.870760862850064,-0.739078066612487,0.43826649381617316
-0.19084698832463698,-3.424403294346358,-0.19084698832463698,11.433384327016707
1.5565311372242503,2.4024354546665436,1.5565311372242503,1.7699998564001027
-0.22525954660383354,-2.1734018422798336,-0.22525954660383354,2.9188782579908623
-0.8110531352945657,-2.11690230976103,-0.8110531352945657,3.190208966205914
1.220458020728291,2.2124636977353296,1.220458020728291,2.3754251593215496
-1.3998855504674141,-0.7091649156009792,-1.3998855504674141,2.5359979391885044
0.9195324716689145,-2.032271453014056,0.9195324716689145,2.7313329482145927
-0.028584910867422004,0.06059288537926198,-0.028584910867422004,2.7979772705106645
-0.9701845741090266,1.652131371751402,-0.9701845741090266,0.6548196469046076
-0.3925421632986447,-2.572098408317092,-0.3925421632986447,3.3570308810590475
-1.668526330587295,2.516993248345895,-1.668526330587295,6.470653744469079
0.48632818085396723,1.5559678452190753,1.4863281808539672,4.892775786814987
0.058294822287970074,-0.42704281392250026,0.058294822287970074,0.39753746477456825
0.9476827797905963,1.0626484263639935,0.9476827797905963,0.9692670465702077
-1.5356771390663226,-2.627704932742799,-1.5356771390663226,0.9414222686117526
0.45575576538272616,0.06657495771469918,0.45575576538272616,1.0690109340642187
0.5658641795854744,-2.2112435302905866,0.5658641795854744,6.4216389489772
0.5220852777730417,6.013683072808906,0.5220852777730417,6.710060635731726
1.2742680457259283,3.7327961831216276,1.2742680457259283,3.7769587133505356
0.7794135388019627,4.7999238601628536,0.7794135388019627,9.717387758076134
-0.08111470858739352,2.317061306283328,-0.08111470858739352,6.743024492749861
2.214882805657801,2.7020921880203734,2.214882805657801,2.417984873170776
-0.0252594532375513,0.6872025858320329,-0.0252594532375513,9.425253300772837
0.29507697072708045,5.61999561509993,0.29507697072708045,7.0038074631383385
0.13373753303256314,0.02529390153904662,1.1337375330325632,3.70735783001083
0.8048921876661481,2.761937967372671,0.8048921876661481,1.839591321423366
0.4551346889636133,-0.37764340555215126,0.4551346889636133,5.764417194249708
-0.3532256320901202,-4.788388998595983,-0.3532256320901202,1.9181564865243677
-0.3854771956183474,-0.6597727608258566,-0.3854771956183474,18.96780387444607
0.490188697623748,-0.38931860830112647,1.490188697623748,1.3795020339005795
2.150225318226119,1.488924846488556,2.150225318226119,16.00689577768997
-0.13397549703873057,0.43632155344323165,-0.13397549703873057,7.105320569030659
-0.15007084826126765,-0.7237100029150534,-0.15007084826126765,1.724187763577456
-1.9453518112765065,-0.9281898988916524,-1.9453518112765065,3.8368756487156825
0.8687100691029396,1.79138763803145,0.8687100691029396,3.8231177727429553
1.2500351395743892,3.3428215344070598,1.2500351395743892,5.359065734501962
0.1978727105492642,-2.825105146648158,0.1978727105492642,1.4241929393283006
0.9030423643411687,8.660754980423881,0.9030423643411687,4.216821154384552
1.3694111814565642,3.0498867775449767,2.369411181456564,1.65130693847112
0.6135194299313285,-3.908693939872301,1.6135194299313285,1.6812252575983537
0.6747916284506307,3.470182729229181,0.6747916284506307,2.2721353022224373
0.2832348771821764,4.675823668429198,1.2832348771821764,2.6887097344056454
-0.9484515681314123,-2.888552993385762,-0.9484515681314123,9.566741983249106
-1.5587039251407095,-1.2497982599058197,-0.5587039251407095,1.3257952380292557
1.0904768574711559,2.4455233178631657,1.0904768574711559,6.0723990149112685
0.653931109091404,1.5796947970169741,0.653931109091404,0.7924455061279915
-0.17837112439926198,4.692600678047723,-0.17837112439926198,11.001743104559319
0.02479189485626659,-0.5681790565141057,0.02479189485626659,3.0106885209875096
-0.47331675235660825,0.5454229585658148,-0.47331675235660825,2.8898609465272096
-1.381783531813792,-7.018374553485577,-1.381783531813792,4.687558800819239
-1.6030096622026635,0.1663891080795108,-1.6030096622026635,3.192195433765998
2.5306520230591247,1.0600615913391116,2.5306520230591247,0.9319132546482144
-0.4851724982866153,0.9990959584941961,-0.4851724982866153,6.130939871963982
2.119971091300336,-0.19890874385947477,2.119971091300336,1.1206017499900012
1.4903469214164615,-0.7304515400989606,1.4903469214164615,4.799601839546051
0.7923256914416668,8.997508446487124,2.7923256914416665,2.274639422177473
-1.1625401224628613,-5.2017691707475,-1.1625401224628613,8.813997284126918
-0.4374855254899019,1.9079764613934276,-0.4374855254899019,1.4954516210594357
0.9127812000375196,1.8308362878192983,0.9127812000375196,3.953487343117041
-0.3267414813471567,-1.897638258932815,-0.3267414813471567,16.06006530950816
0.9688211473093802,0.38372314255976236,0.9688211473093802,2.1109211499280605
-0.08837723627022968,-0.6588033286495961,-0.08837723627022968,1.5760528396151747
-0.19337125232185565,-2.5897048621637224,-0.19337125232185565,2.9876686653503604
0.6540016592511458,3.3590256256146906,0.6540016592511458,1.3168758980266235
-1.1901902599527423,-2.836864403618323,-1.1901902599527423,6.385867582933545
-0.37332476533794895,0.46407514719144866,-0.37332476533794895,1.9292058287961582
1.4207796175523875,7.1129081000323895,1.4207796175523875,0.6015742631355485
0.09617607996577757,-1.8244958075906723,0.09617607996577757,2.173494375747693
0.12811825085614154,1.2068493450141196,0.12811825085614154,0.6069675363048993
-0.48118241397890166,1.2490163644734837,-0.48118241397890166,2.0856995857379474
-1.5168058202368226,4.949061394223602,-1.5168058202368226,0.8580481850423116
0.4690705234682977,-0.5945047255010942,0.4690705234682977,5.223409642312608
-0.20201683464983913,1.4329108472751455,-0.20201683464983913,5.261184921453112
0.4002078302967036,0.22550857242432462,0.4002078302967036,5.683599861701184
-0.26669934635100184,0.3244541830082677,-0.26669934635100184,1.4471593429793168
-0.9200112019016261,-0.15442953054690733,-0.9200112019016261,5.641827185849706
1.946755168919292,0.414424450855853,1.946755168919292,7.778398000207977
-0.19625781792929897,-3.9242088674994413,-0.19625781792929897,7.131047204772614
0.7025302170736111,-2.9473221177880555,0.7025302170736111,1.8662194728259867
0.1093508435519139,1.7050717390276198,1.109350843551914,3.774728831325915
-1.145544433874307,-5.545800758751914,-0.14554443387430704,3.408266229735738
0.5456308535859286,3.1419151951797377,0.5456308535859286,3.4092797275595506
0.2933589337449862,7.350103452435154,0.2933589337449862,2.9728270514979123
0.12249510200931378,5.716502099360146,0.12249510200931378,2.265835731459822
0.7688304685708217,2.8729303826389523,0.7688304685708217,2.872689133187832
1.0456684751434449,2.647905519075239,1.0456684751434449,6.126670411610044
0.34427119133052525,-0.676862043275936,1.3442711913305252,5.027733610785207
0.07799175824527371,6.7360710778228325,0.07799175824527371,4.517323415614316
-0.3769797996795067,-1.3635371799804357,-0.3769797996795067,0.5977477909895853
-1.4226471910406042,-6.0088266387441704,-1.4226471910406042,9.787070552090947
-0.39379712423358576,-3.4482973684283924,-0.39379712423358576,0.812906330665213
-0.6108340385733216,-3.980429795551988,-0.6108340385733216,1.7896319985580948
-1.755019750381729,-4.404238560928533,-1.755019750381729,2.0635733016691753
0.3172553450836766,-5.988025353243202,0.3172553450836766,7.276134312586978
0.40796603563810996,-3.320947499130089,0.40796603563810996,1.3680107318268717
-1.0681746426159948,0.6441682937253934,-1.0681746426159948,2.6272798935582053
0.12531617287419425,0.43007639101875905,0.12531617287419425,1.4713774427345112
-0.3182483716370207,-2.3110863889379893,-0.3182483716370207,3.117491733112876
0.12444492715262984,3.8964056753769976,0.12444492715262984,6.153751789284832
-0.07611512931735107,3.5180516629000143,-0.07611512931735107,2.5180810637191438
-1.4432252102663754,0.21845209520093234,-1.4432252102663754,8.718119468902616
-0.3632174793765491,-0.24281218162226953,-0.3632174793765491,1.9866748412244721
